{
    "train_loss": [
        1.0092819455287438,
        0.5252330398602452,
        0.35211858667915674,
        0.30705945536815865,
        0.27411196404974236,
        0.2580757107880476
    ],
    "val_loss": [
        0.6667694568634033,
        1.4039966293743678,
        2.116556131839752,
        2.38381929227284,
        2.5864723546164377,
        3.0780995096479145
    ],
    "val_accuracy": [
        0.7432265317594154,
        0.5349072512647555,
        0.4673412029229904,
        0.4442945474985947,
        0.4421585160202361,
        0.3617762788083193
    ]
}