{
    "train_loss": [
        0.7894189585027077,
        0.39815895936096746,
        0.27560895513877165,
        0.25274477881654134,
        0.2363439339862989,
        0.22521283362301991,
        0.21264985648633764,
        0.20454454579450887,
        0.19984711860072055,
        0.19389914729290728,
        0.1860512022679444,
        0.17717471485957503,
        0.17392688675401666,
        0.17251656483858824,
        0.16370324836373865,
        0.16285067748465984,
        0.16343650992008316,
        0.16163291732894539
    ],
    "val_loss": [
        0.5966702240834133,
        0.3440089306170992,
        0.25374240929381453,
        0.2252608257339155,
        0.19736672822627233,
        0.21445899805147872,
        0.2250157773441119,
        0.20028450366833228,
        0.17696150244890357,
        0.1839841435656702,
        0.18393788266953803,
        0.18998111637054588,
        0.15464022719441986,
        0.1762925230650057,
        0.25355859106178763,
        0.2056840522576579,
        0.17230688196292027,
        0.20544515448294098
    ],
    "val_accuracy": [
        0.7856098931984261,
        0.8935356942102305,
        0.9237774030354131,
        0.9289488476672287,
        0.9425519955030917,
        0.9281618887015177,
        0.9302979201798763,
        0.9368184373243396,
        0.9460370994940978,
        0.9425519955030917,
        0.9446880269814503,
        0.9395165823496346,
        0.9503091624508151,
        0.9446880269814503,
        0.924114671163575,
        0.9371557054525014,
        0.946486790331647,
        0.9403035413153457
    ],
    "train_time": [
        339.43530082702637,
        380.0515034198761,
        370.9249937534332,
        375.5962383747101,
        372.89521408081055,
        362.90248012542725,
        362.10800433158875,
        374.91258907318115,
        361.4502487182617,
        357.6812844276428,
        372.9651610851288,
        719.0715727806091,
        744.124359369278,
        498.278528213501,
        505.9576086997986,
        392.43400955200195,
        371.7192761898041,
        375.08831429481506
    ]
}