{
    "train_loss": [
        0.641224156689944,
        0.28002618355073516,
        0.23257748087157878,
        0.20996186521118707,
        0.19280122653346696,
        0.19031999145614373,
        0.17916748828502546,
        0.16834841372458625,
        0.16237441794745786,
        0.15428770558653976,
        0.14876628752878243,
        0.14309411742824982,
        0.14214372133548042
    ],
    "val_loss": [
        0.3226227500884653,
        0.24038145884121065,
        0.20375507161450043,
        0.18050134865392883,
        0.1762478796215795,
        0.15808983206105748,
        0.1596486067010773,
        0.14545294614307744,
        0.16312398378261558,
        0.14657863134370863,
        0.16696060103156585,
        0.14652989552818613,
        0.15275628498266283
    ],
    "val_accuracy": [
        0.894097807757167,
        0.9229904440697021,
        0.9352445193929174,
        0.9432265317594154,
        0.9452501405283867,
        0.9516582349634626,
        0.949522203485104,
        0.9550309162450815,
        0.9470489038785834,
        0.9543563799887578,
        0.9472737492973581,
        0.9564924114671164,
        0.952220348510399
    ],
    "train_time": [
        1638.8325793743134,
        1524.634509086609,
        1411.4791929721832,
        1387.4329059123993,
        1393.136976480484,
        1385.509844303131,
        1386.1793985366821,
        1396.9090647697449,
        1411.808123588562,
        1407.3359978199005,
        1413.215992450714,
        1416.2982087135315,
        1418.3288836479187
    ]
}