{
    "train_loss": [
        0.8909372281041934,
        0.4220288179332404,
        0.30708807808675354,
        0.26483040678200964,
        0.23549421576501653,
        0.2185584240251308,
        0.20617686027138354,
        0.1980573520225158,
        0.18806263021856762,
        0.1790907365812672,
        0.17700258064881075,
        0.1702236015376427,
        0.16287385989918554,
        0.1568416866252748,
        0.1566161241569965,
        0.14653400267414052,
        0.1467192757660322,
        0.1446143386068104,
        0.13876727691067636,
        0.13854420485256388,
        0.13641617824356977,
        0.13338584577490528,
        0.13033182187367687,
        0.1294279506684636,
        0.12511044670325175,
        0.1230845590986365,
        0.12365775158052607,
        0.11869431481354957,
        0.1169029549970258,
        0.1174894934051114,
        0.11076713572490773,
        0.11496120811902362,
        0.11088806371331858,
        0.11070357435952416,
        0.10723195386474295,
        0.1068977542998765,
        0.10665913130552006,
        0.10365361007761291,
        0.10142412722083947,
        0.10190539520649279,
        0.10140516719506155,
        0.09799211985505313,
        0.09788618255540621,
        0.09725566038848471
    ],
    "val_loss": [
        0.5321550156388964,
        0.31477099188736507,
        0.26040627349700246,
        0.22842425225036486,
        0.19718476214579173,
        0.1927244515291282,
        0.23927989186985152,
        0.19012170258377278,
        0.18058038875460625,
        0.16745613174779075,
        0.19315185163702284,
        0.16783594180430686,
        0.17365080565214158,
        0.16453149909419673,
        0.15933786343250955,
        0.14403687135449478,
        0.16112539310540472,
        0.1478029194687094,
        0.16213966219552925,
        0.12897235293473516,
        0.14642196372151375,
        0.13555263946098942,
        0.13826114838676792,
        0.12204767872712442,
        0.11999257036617823,
        0.12163803846176181,
        0.11981798154967171,
        0.13181876902069364,
        0.12400183882564306,
        0.12731578411268338,
        0.11837509867868252,
        0.133824203482696,
        0.11674480411623206,
        0.12572467194071837,
        0.11469190088765961,
        0.12975892461836339,
        0.12125646083482675,
        0.12792370548205717,
        0.10865366863352911,
        0.1305080711043307,
        0.1330921121207731,
        0.12824083321860857,
        0.11565370123301233,
        0.11661546262247222
    ],
    "val_accuracy": [
        0.8222596964586847,
        0.8981450252951096,
        0.9179314221472737,
        0.9250140528386734,
        0.9340078695896571,
        0.9378302417088252,
        0.9247892074198988,
        0.9417650365373805,
        0.9433389544688027,
        0.9455874086565487,
        0.9398538504777965,
        0.9474985947161326,
        0.9425519955030917,
        0.9492973580663294,
        0.9499718943226532,
        0.9562675660483417,
        0.948735244519393,
        0.9510961214165261,
        0.9533445756042721,
        0.9602023608768971,
        0.9531197301854974,
        0.9587408656548623,
        0.9577290612703766,
        0.9612141652613828,
        0.9621135469364812,
        0.9596402473299607,
        0.9620011242270938,
        0.9585160202360877,
        0.9622259696458685,
        0.9611017425519955,
        0.9642495784148398,
        0.9613265879707701,
        0.9630129286115795,
        0.9608768971332209,
        0.9655986509274873,
        0.9600899381675099,
        0.9650365373805508,
        0.9604272062956717,
        0.9672849915682968,
        0.9600899381675099,
        0.9608768971332209,
        0.9623383923552558,
        0.9641371557054526,
        0.964699269252389
    ],
    "train_time": [
        819.9665277004242,
        844.9080326557159,
        835.9254100322723,
        843.1022291183472,
        845.7527253627777,
        842.9680037498474,
        840.8966784477234,
        845.5496275424957,
        852.770546913147,
        842.9295697212219,
        846.866030216217,
        853.1424655914307,
        826.9684891700745,
        845.8808557987213,
        840.5519137382507,
        842.488578081131,
        845.4679996967316,
        853.5888402462006,
        844.7150642871857,
        838.2692563533783,
        848.6951599121094,
        846.2161469459534,
        839.6615500450134,
        834.9258646965027,
        844.4589068889618,
        837.2253322601318,
        836.0793647766113,
        838.9637086391449,
        834.9205629825592,
        839.3001005649567,
        822.5234696865082,
        847.23024559021,
        814.1010975837708,
        825.0648424625397,
        833.1076145172119,
        824.8152415752411,
        837.6425807476044,
        826.7232928276062,
        821.6781096458435,
        837.2250139713287,
        849.4623401165009,
        852.5039010047913,
        850.5572278499603,
        850.9866352081299
    ]
}